{
  "prototype_drift_claim": {
    "oracle_vs_baseline_avg_AP15": -4.553250576356483,
    "solA_vs_baseline_avg_AP15": -0.16429855517196046,
    "solB_vs_baseline_avg_AP15": 0.02524836147499343,
    "solAB_vs_baseline_avg_AP15": 0.00984646016220836,
    "solAB_vs_best_single_proto_avg_AP15": -0.015401901312785071,
    "baseline_proto_drift_mean": 0.014891262950486903,
    "solAB_proto_drift_mean": 0.014866916023970816
  },
  "adapter_drift_claim": {
    "adapter_reset_vs_baseline_avg_AP15": -0.34880147427157837,
    "ewc_vs_baseline_avg_AP15": 0.06038421786265502,
    "solA_ewc_vs_solA_avg_AP15": 0.2614532016035227,
    "solB_ewc_vs_solB_avg_AP15": 0.16897104349714098,
    "baseline_adapter_fisher_final": 2.180651603572187,
    "ewc_adapter_fisher_final": 0.06430551115772687
  },
  "dual_drift_claim": {
    "solAB_ewc_vs_baseline_avg_AP15": 0.13781277601811226,
    "solAB_ewc_vs_solAB_avg_AP15": 0.1279663158559039,
    "solAB_ewc_vs_solA_ewc_avg_AP15": 0.04065812958655002,
    "solAB_ewc_vs_solB_ewc_avg_AP15": -0.05640662895402215,
    "solAB_ewc_vs_ewc_avg_AP15": 0.07742855815545724,
    "solAB_ewc_vs_best_component_avg_AP15": -0.05640662895402215,
    "solAB_ewc_BWT": null,
    "baseline_BWT": null
  }
}