{
  "BWT": -7.185889720916748,
  "FWT": NaN,
  "avg_mAP": 14.530488967895508,
  "per_domain_mAP": {
    "gaussian_noise": 9.382248878479004,
    "shot_noise": 11.474233627319336,
    "impulse_noise": 9.99526309967041,
    "defocus_blur": 8.639424324035645,
    "glass_blur": 5.496999263763428,
    "motion_blur": 6.116799831390381,
    "zoom_blur": 2.848611831665039,
    "snow": 16.279813766479492,
    "frost": 17.343456268310547,
    "fog": 27.111177444458008,
    "brightness": 33.02577209472656,
    "contrast": 7.231573104858398,
    "elastic_transform": 16.797348022460938,
    "pixelate": 23.588579177856445,
    "jpeg_compression": 22.62604331970215
  }
}