{
  "BWT": -8.31820011138916,
  "FWT": NaN,
  "avg_mAP": 13.644978523254395,
  "per_domain_mAP": {
    "gaussian_noise": 9.457897186279297,
    "shot_noise": 11.453493118286133,
    "impulse_noise": 9.992520332336426,
    "defocus_blur": 7.752533912658691,
    "glass_blur": 5.253984451293945,
    "motion_blur": 5.75264310836792,
    "zoom_blur": 2.567981481552124,
    "snow": 15.027588844299316,
    "frost": 16.083450317382812,
    "fog": 24.063945770263672,
    "brightness": 32.216453552246094,
    "contrast": 2.9556403160095215,
    "elastic_transform": 16.11359214782715,
    "pixelate": 22.509925842285156,
    "jpeg_compression": 23.47303009033203
  }
}