{
  "BWT": -8.34724235534668,
  "FWT": NaN,
  "avg_mAP": 13.706769943237305,
  "per_domain_mAP": {
    "gaussian_noise": 8.736557006835938,
    "shot_noise": 10.85651683807373,
    "impulse_noise": 9.462664604187012,
    "defocus_blur": 7.957978248596191,
    "glass_blur": 6.005592346191406,
    "motion_blur": 5.6487956047058105,
    "zoom_blur": 2.521062135696411,
    "snow": 15.330424308776855,
    "frost": 15.716536521911621,
    "fog": 25.036245346069336,
    "brightness": 31.758697509765625,
    "contrast": 3.2219114303588867,
    "elastic_transform": 17.019630432128906,
    "pixelate": 23.11627197265625,
    "jpeg_compression": 23.212663650512695
  }
}