{
  "backward_num": {
    "coco_2017_val-gaussian_noise": 1250,
    "coco_2017_val-shot_noise": 1250,
    "coco_2017_val-impulse_noise": 1250,
    "coco_2017_val-defocus_blur": 1250,
    "coco_2017_val-glass_blur": 1250,
    "coco_2017_val-motion_blur": 1250,
    "coco_2017_val-zoom_blur": 1250,
    "coco_2017_val-snow": 1250,
    "coco_2017_val-frost": 1250,
    "coco_2017_val-fog": 1250,
    "coco_2017_val-brightness": 1250,
    "coco_2017_val-contrast": 1250,
    "coco_2017_val-elastic_transform": 1250,
    "coco_2017_val-pixelate": 1250,
    "coco_2017_val-jpeg_compression": 1250,
    "coco_2017_val": 1250
  },
  "elapsed_time": {
    "coco_2017_val-gaussian_noise": 424.1784488717094,
    "coco_2017_val-shot_noise": 433.20468543004245,
    "coco_2017_val-impulse_noise": 432.9500062111765,
    "coco_2017_val-defocus_blur": 434.10828111786395,
    "coco_2017_val-glass_blur": 438.7290321579203,
    "coco_2017_val-motion_blur": 435.4173363093287,
    "coco_2017_val-zoom_blur": 434.03599776141346,
    "coco_2017_val-snow": 440.1495181834325,
    "coco_2017_val-frost": 442.33972420264035,
    "coco_2017_val-fog": 450.28921574540436,
    "coco_2017_val-brightness": 452.3080793302506,
    "coco_2017_val-contrast": 439.61135110538453,
    "coco_2017_val-elastic_transform": 446.3225225722417,
    "coco_2017_val-pixelate": 436.50321737024933,
    "coco_2017_val-jpeg_compression": 442.1004453431815,
    "coco_2017_val": 456.93014318775386
  },
  "total_sample_num": 80000,
  "backward_batches": 20000,
  "backward_images": 80000,
  "fps": 11.364963344343865
}