{
  "backward_num": {
    "coco_2017_val-gaussian_noise": 1250,
    "coco_2017_val-shot_noise": 1250,
    "coco_2017_val-impulse_noise": 1250,
    "coco_2017_val-defocus_blur": 1250,
    "coco_2017_val-glass_blur": 1250,
    "coco_2017_val-motion_blur": 1250,
    "coco_2017_val-zoom_blur": 1250,
    "coco_2017_val-snow": 1250,
    "coco_2017_val-frost": 1250,
    "coco_2017_val-fog": 1250,
    "coco_2017_val-brightness": 1250,
    "coco_2017_val-contrast": 1250,
    "coco_2017_val-elastic_transform": 1250,
    "coco_2017_val-pixelate": 1250,
    "coco_2017_val-jpeg_compression": 1250,
    "coco_2017_val": 1250
  },
  "elapsed_time": {
    "coco_2017_val-gaussian_noise": 423.17049157526344,
    "coco_2017_val-shot_noise": 432.20661379769444,
    "coco_2017_val-impulse_noise": 431.57416218612343,
    "coco_2017_val-defocus_blur": 433.69624868873507,
    "coco_2017_val-glass_blur": 437.85441849566996,
    "coco_2017_val-motion_blur": 434.553956316784,
    "coco_2017_val-zoom_blur": 434.04567158967257,
    "coco_2017_val-snow": 439.8600490549579,
    "coco_2017_val-frost": 441.24339544959366,
    "coco_2017_val-fog": 449.9669659109786,
    "coco_2017_val-brightness": 451.5215877247974,
    "coco_2017_val-contrast": 440.17877172585577,
    "coco_2017_val-elastic_transform": 446.96990773733705,
    "coco_2017_val-pixelate": 437.4407131765038,
    "coco_2017_val-jpeg_compression": 441.68383334204555,
    "coco_2017_val": 455.906846688129
  },
  "total_sample_num": 80000,
  "backward_batches": 20000,
  "backward_images": 80000,
  "fps": 11.376768720548633
}