{
  "backward_num": {
    "coco_2017_val-gaussian_noise": 1250,
    "coco_2017_val-shot_noise": 1250,
    "coco_2017_val-impulse_noise": 1250,
    "coco_2017_val-defocus_blur": 1250,
    "coco_2017_val-glass_blur": 1250,
    "coco_2017_val-motion_blur": 1250,
    "coco_2017_val-zoom_blur": 1250,
    "coco_2017_val-snow": 1250,
    "coco_2017_val-frost": 1250,
    "coco_2017_val-fog": 1250,
    "coco_2017_val-brightness": 1250,
    "coco_2017_val-contrast": 1250,
    "coco_2017_val-elastic_transform": 1250,
    "coco_2017_val-pixelate": 1250,
    "coco_2017_val-jpeg_compression": 1250,
    "coco_2017_val": 1250
  },
  "elapsed_time": {
    "coco_2017_val-gaussian_noise": 421.3542211279273,
    "coco_2017_val-shot_noise": 428.73410135135055,
    "coco_2017_val-impulse_noise": 428.86363955028355,
    "coco_2017_val-defocus_blur": 431.76557578518987,
    "coco_2017_val-glass_blur": 435.62689198739827,
    "coco_2017_val-motion_blur": 432.3019000738859,
    "coco_2017_val-zoom_blur": 428.5095474058762,
    "coco_2017_val-snow": 437.1069742869586,
    "coco_2017_val-frost": 438.5242694513872,
    "coco_2017_val-fog": 447.0464076353237,
    "coco_2017_val-brightness": 449.59150308184326,
    "coco_2017_val-contrast": 436.4053816543892,
    "coco_2017_val-elastic_transform": 445.4301433414221,
    "coco_2017_val-pixelate": 433.31107091438025,
    "coco_2017_val-jpeg_compression": 439.33215135522187,
    "coco_2017_val": 455.1798742748797
  },
  "total_sample_num": 80000,
  "backward_batches": 20000,
  "backward_images": 80000,
  "fps": 11.446421872841922
}