{
  "backward_num": {
    "coco_2017_val-gaussian_noise": 1250,
    "coco_2017_val-shot_noise": 1250,
    "coco_2017_val-impulse_noise": 1250,
    "coco_2017_val-defocus_blur": 1250,
    "coco_2017_val-glass_blur": 1250,
    "coco_2017_val-motion_blur": 1250,
    "coco_2017_val-zoom_blur": 1250,
    "coco_2017_val-snow": 1250,
    "coco_2017_val-frost": 1250,
    "coco_2017_val-fog": 1250,
    "coco_2017_val-brightness": 1250,
    "coco_2017_val-contrast": 1250,
    "coco_2017_val-elastic_transform": 1250,
    "coco_2017_val-pixelate": 1250,
    "coco_2017_val-jpeg_compression": 1250,
    "coco_2017_val": 1250
  },
  "elapsed_time": {
    "coco_2017_val-gaussian_noise": 422.64099186472595,
    "coco_2017_val-shot_noise": 431.72866090014577,
    "coco_2017_val-impulse_noise": 431.4914448885247,
    "coco_2017_val-defocus_blur": 434.1947996336967,
    "coco_2017_val-glass_blur": 437.1825502011925,
    "coco_2017_val-motion_blur": 436.22220918070525,
    "coco_2017_val-zoom_blur": 433.9847883693874,
    "coco_2017_val-snow": 439.31574153341353,
    "coco_2017_val-frost": 439.87700646929443,
    "coco_2017_val-fog": 449.19954601023346,
    "coco_2017_val-brightness": 452.2994788829237,
    "coco_2017_val-contrast": 439.5157770626247,
    "coco_2017_val-elastic_transform": 446.36847538035363,
    "coco_2017_val-pixelate": 437.4656348731369,
    "coco_2017_val-jpeg_compression": 441.0311074992642,
    "coco_2017_val": 456.0800875155255
  },
  "total_sample_num": 80000,
  "backward_batches": 20000,
  "backward_images": 80000,
  "fps": 11.382070305110773
}