{
  "backward_num": {
    "coco_2017_val-gaussian_noise": 1250,
    "coco_2017_val-shot_noise": 1250,
    "coco_2017_val-impulse_noise": 1250,
    "coco_2017_val-defocus_blur": 1250,
    "coco_2017_val-glass_blur": 1250,
    "coco_2017_val-motion_blur": 1250,
    "coco_2017_val-zoom_blur": 1250,
    "coco_2017_val-snow": 1250,
    "coco_2017_val-frost": 1250,
    "coco_2017_val-fog": 1250,
    "coco_2017_val-brightness": 1250,
    "coco_2017_val-contrast": 1250,
    "coco_2017_val-elastic_transform": 1250,
    "coco_2017_val-pixelate": 1250,
    "coco_2017_val-jpeg_compression": 1250,
    "coco_2017_val": 1250
  },
  "elapsed_time": {
    "coco_2017_val-gaussian_noise": 420.352081855759,
    "coco_2017_val-shot_noise": 428.77613634150475,
    "coco_2017_val-impulse_noise": 427.85171607043594,
    "coco_2017_val-defocus_blur": 430.08359423838556,
    "coco_2017_val-glass_blur": 433.1075723133981,
    "coco_2017_val-motion_blur": 432.8799348883331,
    "coco_2017_val-zoom_blur": 430.23723038472235,
    "coco_2017_val-snow": 438.47779248282313,
    "coco_2017_val-frost": 439.04291886556894,
    "coco_2017_val-fog": 448.64925532229245,
    "coco_2017_val-brightness": 450.9619858749211,
    "coco_2017_val-contrast": 437.8554973527789,
    "coco_2017_val-elastic_transform": 445.61778355110437,
    "coco_2017_val-pixelate": 434.1114549944177,
    "coco_2017_val-jpeg_compression": 440.07901211082935,
    "coco_2017_val": 455.2963766157627
  },
  "total_sample_num": 80000,
  "backward_batches": 20000,
  "backward_images": 80000,
  "fps": 11.439389261455904
}