{
  "n_runs": 11,
  "best_alpha": 0.5,
  "best_lambda": 0.001,
  "best_AP15": 21.472672967946927,
  "best_AP16": 22.774802699331534,
  "all_alphas": [
    0.3,
    0.4,
    0.5,
    0.6,
    0.7
  ],
  "all_lambdas": [
    0.001,
    0.01,
    0.1,
    1.0,
    10.0
  ],
  "runs": [
    {
      "tag": "alpha0_3_lam10_0",
      "alpha": 0.3,
      "lambda": 10.0,
      "per_domain_AP": {
        "gaussian_noise": 12.8100918807385,
        "shot_noise": 15.509958454776774,
        "impulse_noise": 15.32798899163978,
        "defocus_blur": 14.141928405388104,
        "glass_blur": 13.387743755589407,
        "motion_blur": 14.215118281679556,
        "zoom_blur": 8.198098829319578,
        "snow": 23.805701773024133,
        "frost": 26.925851667075985,
        "fog": 37.204955759424,
        "brightness": 36.7237319449202,
        "contrast": 26.067932573990998,
        "elastic_transform": 27.360816894918038,
        "pixelate": 20.922447621200437,
        "jpeg_compression": 22.184827057451344,
        "clean": 42.63614544480886
      },
      "AP15": 20.985812926075788,
      "AP16": 22.338958708496605,
      "family_AP": {
        "Noise": 14.549346442385017,
        "Blur": 12.485722317994162,
        "Weather": 31.165060286111082,
        "Digital": 24.134006036890206
      }
    },
    {
      "tag": "alpha0_4_lam0_001",
      "alpha": 0.4,
      "lambda": 0.001,
      "per_domain_AP": {
        "gaussian_noise": 13.95624648797112,
        "shot_noise": 16.838638297726042,
        "impulse_noise": 16.58519326233306,
        "defocus_blur": 13.924069837027982,
        "glass_blur": 13.696284225482236,
        "motion_blur": 14.364587227354436,
        "zoom_blur": 8.524165762331727,
        "snow": 23.683315149355007,
        "frost": 27.240109127547736,
        "fog": 37.41901725997979,
        "brightness": 36.49850845397883,
        "contrast": 27.177801968902383,
        "elastic_transform": 27.465222911047693,
        "pixelate": 22.39042651710486,
        "jpeg_compression": 22.19892325976186,
        "clean": 42.3321266523523
      },
      "AP15": 21.464167316526982,
      "AP16": 22.768414775016065,
      "family_AP": {
        "Noise": 15.793359349343408,
        "Blur": 12.627276763049096,
        "Weather": 31.21023749771534,
        "Digital": 24.8080936642042
      }
    },
    {
      "tag": "alpha0_4_lam0_01",
      "alpha": 0.4,
      "lambda": 0.01,
      "per_domain_AP": {
        "gaussian_noise": 13.898668804999966,
        "shot_noise": 16.789931176581693,
        "impulse_noise": 16.55110360326604,
        "defocus_blur": 13.94743603855746,
        "glass_blur": 13.711235993103724,
        "motion_blur": 14.346924935789081,
        "zoom_blur": 8.444324630245646,
        "snow": 23.612239946235476,
        "frost": 27.194109875602855,
        "fog": 37.38892102797827,
        "brightness": 36.52027084192924,
        "contrast": 27.081347016725793,
        "elastic_transform": 27.281970511851245,
        "pixelate": 22.284370009655674,
        "jpeg_compression": 22.398766788476188,
        "clean": 42.385872665385854
      },
      "AP15": 21.430108080066557,
      "AP16": 22.739843366649012,
      "family_AP": {
        "Noise": 15.7465678616159,
        "Blur": 12.612480399423978,
        "Weather": 31.17888542293646,
        "Digital": 24.761613581677224
      }
    },
    {
      "tag": "alpha0_4_lam0_1",
      "alpha": 0.4,
      "lambda": 0.1,
      "per_domain_AP": {
        "gaussian_noise": 13.832981922809498,
        "shot_noise": 16.728694768788266,
        "impulse_noise": 16.522362922283534,
        "defocus_blur": 14.04739500789286,
        "glass_blur": 13.656726124955606,
        "motion_blur": 14.299007688810747,
        "zoom_blur": 8.501362827729787,
        "snow": 23.83180917834308,
        "frost": 27.35056530298946,
        "fog": 37.40523311869945,
        "brightness": 36.56103123422731,
        "contrast": 27.121995754065143,
        "elastic_transform": 27.459664515298716,
        "pixelate": 22.139339810544225,
        "jpeg_compression": 22.09050500506371,
        "clean": 42.411036587105876
      },
      "AP15": 21.43657834550009,
      "AP16": 22.747481985600455,
      "family_AP": {
        "Noise": 15.694679871293767,
        "Blur": 12.626122912347249,
        "Weather": 31.287159708564822,
        "Digital": 24.70287627124295
      }
    },
    {
      "tag": "alpha0_4_lam1_0",
      "alpha": 0.4,
      "lambda": 1.0,
      "per_domain_AP": {
        "gaussian_noise": 13.50010314133393,
        "shot_noise": 16.375208108037054,
        "impulse_noise": 16.119719241028463,
        "defocus_blur": 14.20109064914253,
        "glass_blur": 13.535172464615014,
        "motion_blur": 14.339956727506895,
        "zoom_blur": 8.442672234189967,
        "snow": 24.012839774419607,
        "frost": 27.247818934105005,
        "fog": 37.27239617651802,
        "brightness": 36.55594039402744,
        "contrast": 26.751971652893914,
        "elastic_transform": 27.479407747125943,
        "pixelate": 21.339760199400644,
        "jpeg_compression": 22.256764981870163,
        "clean": 42.54790612105168
      },
      "AP15": 21.29538816174764,
      "AP16": 22.62367053420414,
      "family_AP": {
        "Noise": 15.33167683013315,
        "Blur": 12.6297230188636,
        "Weather": 31.27224881976752,
        "Digital": 24.456976145322667
      }
    },
    {
      "tag": "alpha0_5_lam0_001",
      "alpha": 0.5,
      "lambda": 0.001,
      "per_domain_AP": {
        "gaussian_noise": 13.913921925827946,
        "shot_noise": 16.829084541417778,
        "impulse_noise": 16.560566669405482,
        "defocus_blur": 14.007301806613714,
        "glass_blur": 13.71730912674154,
        "motion_blur": 14.325909001924478,
        "zoom_blur": 8.4652657199317,
        "snow": 23.801720932298736,
        "frost": 27.38351537333818,
        "fog": 37.355592147049045,
        "brightness": 36.528099017881836,
        "contrast": 27.233390883314367,
        "elastic_transform": 27.493672469591978,
        "pixelate": 22.346430108295507,
        "jpeg_compression": 22.12831479557163,
        "clean": 42.30674867010063
      },
      "AP15": 21.472672967946927,
      "AP16": 22.774802699331534,
      "family_AP": {
        "Noise": 15.767857712217069,
        "Blur": 12.628946413802858,
        "Weather": 31.26723186764195,
        "Digital": 24.800452064193372
      }
    },
    {
      "tag": "alpha0_5_lam0_01",
      "alpha": 0.5,
      "lambda": 0.01,
      "per_domain_AP": {
        "gaussian_noise": 13.831798446610474,
        "shot_noise": 16.814145520143413,
        "impulse_noise": 16.61067244645068,
        "defocus_blur": 13.99793197530782,
        "glass_blur": 13.686825845092057,
        "motion_blur": 14.335878685944245,
        "zoom_blur": 8.466125788126828,
        "snow": 23.804043143555344,
        "frost": 27.308357938136478,
        "fog": 37.41241106658965,
        "brightness": 36.54144046243145,
        "contrast": 27.145092586669705,
        "elastic_transform": 27.394195189021403,
        "pixelate": 22.271375128003005,
        "jpeg_compression": 22.06690059977219,
        "clean": 42.44396745974761
      },
      "AP15": 21.44581298812365,
      "AP16": 22.758197642600148,
      "family_AP": {
        "Noise": 15.752205471068189,
        "Blur": 12.621690573617737,
        "Weather": 31.26656315267823,
        "Digital": 24.719390875866576
      }
    },
    {
      "tag": "alpha0_5_lam0_1",
      "alpha": 0.5,
      "lambda": 0.1,
      "per_domain_AP": {
        "gaussian_noise": 13.887477312846947,
        "shot_noise": 16.76131808191631,
        "impulse_noise": 16.433841733793756,
        "defocus_blur": 14.136825452641402,
        "glass_blur": 13.627350893619472,
        "motion_blur": 14.396152312434104,
        "zoom_blur": 8.554551825165175,
        "snow": 23.801916677372667,
        "frost": 27.32728160027975,
        "fog": 37.34388798909062,